Project Number,Status,Operation Number,Reporting Currency,Product Code,Fund Code,Department Code,Division Code,Modality Code,Sector,Lending Type Code,TL PCM,Team Leader,Region,Country Code,Operation Status Sorting,Operation Status Code,External Operation,Effective Date,Ratification Date,Signature Date,Closed For Operation Date,First Eligibility Date,Final Amortization Date,Current Disbursement Expiration Date,Original Disbursement Expiration Date,Total Eligibility Date,First Disbursement Date,Totally Disbursement Date,Current Year Disb Projection,Next Year Disb Projection,Available Amount,Current Approved Amount,Disbursed Life Amount,Cancelled Amount,Undisbursed Amount,Committed Amount,Disbursed YTD,Original Approved Amount,Projected Available Amount,Title (English),Lending Instrument ID,Relation Number,Approval Date,Approval Year,Stage,Title (Spanish),PMR Classification,PMR Classification (Spanish),Executor Name,Executor Name (Spanish),Cumulative Extension (Months),Product (English),Product (Spanish),Fund (English),Fund (Spanish),Division (English),Division (Spanish),Modality (English),Modality (Spanish),Sector (English),Lending Type (English),Lending Type (Spanish),Country (English),Country (Spanish),Operation Status (English),Operation Status (Spanish),Sector (Spanish),Lending Instrument Code,Lending Instrument (English),Lending Instrument (Spanish),Department,UDR Code,UDR Full Name,UDR Full Name (Spanish)
AR-L1248,ACTIVE,3835/OC-AR,USD,LON,ORC,IFD,IFD/FMM,ESP,RM-DES,SG,JGOMEZREINO,"GOMEZ REINO, JUAN LUIS",CSC,AR,5,DI,Valid,2/22/2017 0:00,,2/22/2017 0:00,,4/20/2017 0:00,2/15/2042 0:00,3/22/2026 0:00,2/22/2022 0:00,4/20/2017 0:00,5/12/2017 0:00,,0,0,26388461.65,120000000,93611538.35,0,26388461.65,0,0,120000000,26388461.65,Provincial Management Strengthening Program,LON-INV,AR-L1248,12/5/2016 0:00,2016,DI,Programa de Fortalecimiento de la Gestión Provincial,Satisfactory,Satisfactorio,MINISTERIO DEL INTERIOR,MINISTERIO DEL INTERIOR,49,LON - Loan Operation,LON - Operación de Préstamo,ORC - Ordinary Capital,ORC - Ordinary Capital,IFD/FMM - Fiscal Management Division,IFD/FMM - Not defined,ESP - ESP (Specific Investment Operation),ESP - ESP (Operación de inversión específica),RM-DES - REFORM / MODERNIZATION OF THE STATE-DECENTRALIZATION & INTERGOVERNMENTAL RELATIONS,SG - Sovereign Guaranteed,SG - SG,AR - Argentina,AR - Argentina,DI - DISBURSING - FIRST DISBURSEMENT HAS OCCURRED AND THERE ARE FUNDS REMAINING TO BE,DI - DESEMBOLSANDO: EL PRIMER DESEMBOLSO HA OCURRIDO Y HAY FONDOS POR DESEMBOLSAR,RM-DES - REFORMA/MODERNIZACIÓN DEL ESTADO-DESCENTRALIZACIÓN Y RELACIONES INTERGUBERNAMENTALES,INV,INV - Investment Loan,INV - Préstamo de Inversión,IFD - Institutions for Development,CSC/CAR,CSC/CAR - Country Office Argentina,CSC/CAR - Representación Argentina
AR-L1285,ACTIVE,4753/OC-AR,USD,LON,ORC,IFD,IFD/FMM,ESP,RM-DES,SG,JGOMEZREINO,"GOMEZ REINO, JUAN LUIS",CSC,AR,5,DI,Valid,9/4/2019 0:00,,9/4/2019 0:00,,3/4/2020 0:00,3/15/2044 0:00,9/4/2026 0:00,9/4/2024 0:00,3/4/2020 0:00,4/12/2021 0:00,,0,110211000,110200521.5,150000000,39799478.46,0,110200521.5,0,0,150000000,110200521.5,Provincial Management Strengthening Program II,LON-INV,AR-L1285,2/28/2019 0:00,2019,DI,Programa de Fortalecimiento de la Gestión Provincial II,Problem,Problema,MINISTERIO DEL INTERIOR,MINISTERIO DEL INTERIOR,24,LON - Loan Operation,LON - Operación de Préstamo,ORC - Ordinary Capital,ORC - Ordinary Capital,IFD/FMM - Fiscal Management Division,IFD/FMM - Not defined,ESP - ESP (Specific Investment Operation),ESP - ESP (Operación de inversión específica),RM-DES - REFORM / MODERNIZATION OF THE STATE-DECENTRALIZATION & INTERGOVERNMENTAL RELATIONS,SG - Sovereign Guaranteed,SG - SG,AR - Argentina,AR - Argentina,DI - DISBURSING - FIRST DISBURSEMENT HAS OCCURRED AND THERE ARE FUNDS REMAINING TO BE,DI - DESEMBOLSANDO: EL PRIMER DESEMBOLSO HA OCURRIDO Y HAY FONDOS POR DESEMBOLSAR,RM-DES - REFORMA/MODERNIZACIÓN DEL ESTADO-DESCENTRALIZACIÓN Y RELACIONES INTERGUBERNAMENTALES,INV,INV - Investment Loan,INV - Préstamo de Inversión,IFD - Institutions for Development,CSC/CAR,CSC/CAR - Country Office Argentina,CSC/CAR - Representación Argentina
AR-L1405,ACTIVE,5966/OC-AR,USD,LON,ORC,IFD,IFD/FMM,ESP,RM-SUB,SG,JGOMEZREINO,"GOMEZ REINO, JUAN LUIS",CSC,AR,5,DI,Valid,2/20/2025 0:00,,2/20/2025 0:00,,8/1/2025 15:07,2/15/2049 0:00,2/20/2031 0:00,2/20/2031 0:00,8/1/2025 15:07,9/22/2025 0:00,,10700000,0,59940000,60000000,60000,0,59940000,0,0,60000000,59940000,Federal Fiscal Management Strengthening Program,LON-INV,AR-L1405,12/6/2024 0:00,2024,DI,Programa de Fortalecimiento de la Gestión Fiscal Federal,Satisfactory,Satisfactorio,MINISTERIO DE ECONOMIA,MINISTERIO DE ECONOMIA,0,LON - Loan Operation,LON - Operación de Préstamo,ORC - Ordinary Capital,ORC - Ordinary Capital,IFD/FMM - Fiscal Management Division,IFD/FMM - Not defined,ESP - ESP (Specific Investment Operation),ESP - ESP (Operación de inversión específica),RM-SUB - REFORM / MODERNIZATION OF THE STATE-SUBNATIONAL AND LOCAL GOVERNMENTS,SG - Sovereign Guaranteed,SG - SG,AR - Argentina,AR - Argentina,DI - DISBURSING - FIRST DISBURSEMENT HAS OCCURRED AND THERE ARE FUNDS REMAINING TO BE,DI - DESEMBOLSANDO: EL PRIMER DESEMBOLSO HA OCURRIDO Y HAY FONDOS POR DESEMBOLSAR,RM-SUB - REFORMA/MODERNIZACIÓN DEL ESTADO-GOBIERNOS SUBNACIONALES Y LOCALES,INV,INV - Investment Loan,INV - Préstamo de Inversión,IFD - Institutions for Development,CSC/CAR,CSC/CAR - Country Office Argentina,CSC/CAR - Representación Argentina
BL-L1031,ACTIVE,4839/OC-BL,USD,LON,ORC,IFD,IFD/FMM,ESP,RM-REA,SG,JESSICACH,"CHAMORRO MONTES, JESSICA ANDREA DEL CARME",CID,BL,5,DI,Valid,11/1/2019 0:00,,11/1/2019 0:00,,4/17/2020 0:00,10/15/2044 0:00,11/1/2026 0:00,11/1/2024 0:00,4/17/2020 0:00,6/2/2020 0:00,,738000,0,737666,14000000,13262334,0,737666,0,0,14000000,737666,Strengthening of Tax Administration,LON-INV,BL-L1031,7/30/2019 0:00,2019,DI,Fortalecimiento de la Administración Tributaria,Satisfactory,Satisfactorio,"MINISTRY OF FINANCE, INVESTMENT AND ECONOMIC TRANSFORMATION, ","MINISTRY OF FINANCE, INVESTMENT AND ECONOMIC TRANSFORMATION, ",24,LON - Loan Operation,LON - Operación de Préstamo,ORC - Ordinary Capital,ORC - Ordinary Capital,IFD/FMM - Fiscal Management Division,IFD/FMM - Not defined,ESP - ESP (Specific Investment Operation),ESP - ESP (Operación de inversión específica),RM-REA - REFORM / MODERNIZATION OF THE STATE-REVENUE ADMINISTRATION,SG - Sovereign Guaranteed,SG - SG,BL - Belize,BL - Belice,DI - DISBURSING - FIRST DISBURSEMENT HAS OCCURRED AND THERE ARE FUNDS REMAINING TO BE,DI - DESEMBOLSANDO: EL PRIMER DESEMBOLSO HA OCURRIDO Y HAY FONDOS POR DESEMBOLSAR,RM-REA - REFORMA/MODERNIZACIÓN DEL ESTADO-ADMINISTRACIÓN DE INGRESOS,INV,INV - Investment Loan,INV - Préstamo de Inversión,IFD - Institutions for Development,CID/CBL,CID/CBL - Country Office Belize,CID/CBL - Representación Belice
BL-L1038,ACTIVE,5353/OC-BL,USD,LON,ORC,IFD,IFD/FMM,ESP,RM-FIS,SG,JESSICACH,"CHAMORRO MONTES, JESSICA ANDREA DEL CARME",CID,BL,5,DI,Valid,5/27/2022 0:00,,5/27/2022 0:00,,11/26/2022 17:24,5/15/2047 0:00,5/27/2027 0:00,5/27/2027 0:00,11/26/2022 17:24,12/19/2022 0:00,,1200000,1100000,4670525,8000000,3329475,0,4670525,0,0,8000000,4670525,Strengthening Public Expenditure Management in Belize,LON-INV,BL-L1038,9/29/2021 0:00,2021,DI,Fortalecimiento de la Gestión del Gasto Público en Belice,Satisfactory,Satisfactorio,"MINISTRY OF FINANCE, INVESTMENT AND ECONOMIC TRANSFORMATION, ","MINISTRY OF FINANCE, INVESTMENT AND ECONOMIC TRANSFORMATION, ",0,LON - Loan Operation,LON - Operación de Préstamo,ORC - Ordinary Capital,ORC - Ordinary Capital,IFD/FMM - Fiscal Management Division,IFD/FMM - Not defined,ESP - ESP (Specific Investment Operation),ESP - ESP (Operación de inversión específica),RM-FIS - REFORM / MODERNIZATION OF THE STATE-FISCAL POLICY FOR SUSTAINABILITY AND GROWTH,SG - Sovereign Guaranteed,SG - SG,BL - Belize,BL - Belice,DI - DISBURSING - FIRST DISBURSEMENT HAS OCCURRED AND THERE ARE FUNDS REMAINING TO BE,DI - DESEMBOLSANDO: EL PRIMER DESEMBOLSO HA OCURRIDO Y HAY FONDOS POR DESEMBOLSAR,RM-FIS - REFORMA/MODERNIZACIÓN DEL ESTADO-POLÍTICA FISCAL PARA LA SOSTENIBILIDAD Y EL CRECIMIENTO,INV,INV - Investment Loan,INV - Préstamo de Inversión,IFD - Institutions for Development,CID/CBL,CID/CBL - Country Office Belize,CID/CBL - Representación Belice
BR-L1377,ACTIVE,3391/OC-BR,USD,LON,ORC,IFD,IFD/FMM,ESP,RM-FIS,SG,MMACDOWELL,MARIA CRISTINA MAC DOWELL,CSC,BR,5,DI,Valid,12/28/2017 0:00,,12/28/2017 0:00,,5/18/2018 0:00,12/15/2041 0:00,12/28/2025 0:00,12/28/2023 0:00,5/18/2018 0:00,7/11/2018 0:00,,0,0,232088.08,148309125.4,148077037.3,1690874.58,232088.08,0,-232088.08,150000000,232088.08,National Prog. to Support the Adm and Fiscal Manag Brazilian MunicipiosPNAFM III,LON-INV,BR-L1377,12/15/2014 0:00,2014,DI,Prog. Nacional de Apoyo a la Gestión Adm y Fiscal Municipios Brasileños PNAFMIII,Satisfactory,Satisfactorio,MINISTERIO DA FAZENDA,MINISTERIO DA FAZENDA,24,LON - Loan Operation,LON - Operación de Préstamo,ORC - Ordinary Capital,ORC - Ordinary Capital,IFD/FMM - Fiscal Management Division,IFD/FMM - Not defined,ESP - ESP (Specific Investment Operation),ESP - ESP (Operación de inversión específica),RM-FIS - REFORM / MODERNIZATION OF THE STATE-FISCAL POLICY FOR SUSTAINABILITY AND GROWTH,SG - Sovereign Guaranteed,SG - SG,BR - Brazil,BR - Brasil,DI - DISBURSING - FIRST DISBURSEMENT HAS OCCURRED AND THERE ARE FUNDS REMAINING TO BE,DI - DESEMBOLSANDO: EL PRIMER DESEMBOLSO HA OCURRIDO Y HAY FONDOS POR DESEMBOLSAR,RM-FIS - REFORMA/MODERNIZACIÓN DEL ESTADO-POLÍTICA FISCAL PARA LA SOSTENIBILIDAD Y EL CRECIMIENTO,INV,INV - Investment Loan,INV - Préstamo de Inversión,IFD - Institutions for Development,CSC/CBR,CSC/CBR - Country Office Brazil,CSC/CBR - Representación Brasil
BR-L1501,ACTIVE,4554/OC-BR,USD,LON,ORC,IFD,IFD/FMM,ESP,RM-FIS,SG,MMACDOWELL,MARIA CRISTINA MAC DOWELL,CSC,BR,5,DI,Valid,9/30/2019 0:00,,9/30/2019 0:00,,11/22/2019 0:00,5/15/2044 0:00,9/30/2026 0:00,9/30/2024 0:00,11/22/2019 0:00,12/3/2019 0:00,,4029000,0,4028507.29,37000000,32971492.71,0,4028507.29,0,0,37000000,4028507.29,Fiscal Management Enhancement Project for the State of Pernambuco – PROFISCO II-PE,LON-INV,BR-L1501,6/28/2018 0:00,2018,DI,Proyecto de Mejora de la Gestión Fiscal del Estado de Pernambuco – PROFISCO II-PE,Satisfactory,Satisfactorio,SECRETARIA DA FAZENDA DO ESTADO DE PERNAMBUCO ,SECRETARIA DA FAZENDA DO ESTADO DE PERNAMBUCO ,24,LON - Loan Operation,LON - Operación de Préstamo,ORC - Ordinary Capital,ORC - Ordinary Capital,IFD/FMM - Fiscal Management Division,IFD/FMM - Not defined,ESP - ESP (Specific Investment Operation),ESP - ESP (Operación de inversión específica),RM-FIS - REFORM / MODERNIZATION OF THE STATE-FISCAL POLICY FOR SUSTAINABILITY AND GROWTH,SG - Sovereign Guaranteed,SG - SG,BR - Brazil,BR - Brasil,DI - DISBURSING - FIRST DISBURSEMENT HAS OCCURRED AND THERE ARE FUNDS REMAINING TO BE,DI - DESEMBOLSANDO: EL PRIMER DESEMBOLSO HA OCURRIDO Y HAY FONDOS POR DESEMBOLSAR,RM-FIS - REFORMA/MODERNIZACIÓN DEL ESTADO-POLÍTICA FISCAL PARA LA SOSTENIBILIDAD Y EL CRECIMIENTO,INV,INV - Investment Loan,INV - Préstamo de Inversión,IFD - Institutions for Development,CSC/CBR,CSC/CBR - Country Office Brazil,CSC/CBR - Representación Brasil
BR-L1511,ACTIVE,4597/OC-BR,USD,LON,ORC,IFD,IFD/FMM,ESP,RM-FIS,SG,RMOTTACAFE,"MOTTA CAFE, RENATA",CSC,BR,7,CO,Valid,9/16/2019 0:00,,9/16/2019 0:00,3/13/2026 15:53,11/27/2019 0:00,8/15/2044 0:00,12/16/2025 0:00,9/16/2024 0:00,11/27/2019 0:00,3/23/2020 0:00,5/22/2025 0:00,0,0,0,47700000,47700000,0,0,0,0,47700000,0,Fiscal Management Enhancement Project for the State of Mato Grosso do Sul – PROFISCO II-MS,LON-INV,BR-L1511,8/30/2018 0:00,2018,COAFR,Proyecto de Modernización de la Gestión Fiscal del Estado de Mato Grosso do Sul – PROFISCO II-MS,Satisfactory,Satisfactorio,SECRETARÍA DE ESTADO DA FAZENDA,SECRETARÍA DE ESTADO DA FAZENDA,15,LON - Loan Operation,LON - Operación de Préstamo,ORC - Ordinary Capital,ORC - Ordinary Capital,IFD/FMM - Fiscal Management Division,IFD/FMM - Not defined,ESP - ESP (Specific Investment Operation),ESP - ESP (Operación de inversión específica),RM-FIS - REFORM / MODERNIZATION OF THE STATE-FISCAL POLICY FOR SUSTAINABILITY AND GROWTH,SG - Sovereign Guaranteed,SG - SG,BR - Brazil,BR - Brasil,CO - CLOSED BY OPERATIONS--NO MORE DISBURSEMENT PROCESSING WILL BE DONE.,CO - CERRADO POR OPERACIONES--NO SE REALIZARÁ MÁS DESEMBOLSO,RM-FIS - REFORMA/MODERNIZACIÓN DEL ESTADO-POLÍTICA FISCAL PARA LA SOSTENIBILIDAD Y EL CRECIMIENTO,INV,INV - Investment Loan,INV - Préstamo de Inversión,IFD - Institutions for Development,CSC/CBR,CSC/CBR - Country Office Brazil,CSC/CBR - Representación Brasil
BR-L1513,ACTIVE,5752/OC-BR,USD,LON,ORC,IFD,IFD/FMM,ESP,RM-FIS,SG,ANDREMA,"MARTINEZ FRITSCHER, ANDRE CARLOS",CSC,BR,5,DI,Valid,12/27/2023 0:00,,12/27/2023 0:00,,6/19/2024 12:31,3/15/2048 0:00,12/27/2028 0:00,12/27/2028 0:00,6/19/2024 12:31,8/20/2024 0:00,,8399550,15000000,40361582.31,50000000,9638417.69,0,40361582.31,0,0,50000000,40361582.31,Fiscal Management Modernization Project for the State of Santa Catarina – PROFISCO II SC,LON-INV,BR-L1513,5/24/2023 0:00,2023,DI,Proyecto de Modernización de la Gestión Fiscal del Estado de Santa Catarina - PROFISCO II SC,Satisfactory,Satisfactorio,SECRETARIA DE ESTADO DE FAZENDA DE SANTA CATARINA ,SECRETARIA DE ESTADO DE FAZENDA DE SANTA CATARINA ,0,LON - Loan Operation,LON - Operación de Préstamo,ORC - Ordinary Capital,ORC - Ordinary Capital,IFD/FMM - Fiscal Management Division,IFD/FMM - Not defined,ESP - ESP (Specific Investment Operation),ESP - ESP (Operación de inversión específica),RM-FIS - REFORM / MODERNIZATION OF THE STATE-FISCAL POLICY FOR SUSTAINABILITY AND GROWTH,SG - Sovereign Guaranteed,SG - SG,BR - Brazil,BR - Brasil,DI - DISBURSING - FIRST DISBURSEMENT HAS OCCURRED AND THERE ARE FUNDS REMAINING TO BE,DI - DESEMBOLSANDO: EL PRIMER DESEMBOLSO HA OCURRIDO Y HAY FONDOS POR DESEMBOLSAR,RM-FIS - REFORMA/MODERNIZACIÓN DEL ESTADO-POLÍTICA FISCAL PARA LA SOSTENIBILIDAD Y EL CRECIMIENTO,INV,INV - Investment Loan,INV - Préstamo de Inversión,IFD - Institutions for Development,CSC/CBR,CSC/CBR - Country Office Brazil,CSC/CBR - Representación Brasil
BR-L1516,ACTIVE,4706/OC-BR,USD,LON,ORC,IFD,IFD/FMM,ESP,RM,SG,MMACDOWELL,MARIA CRISTINA MAC DOWELL,CSC,BR,5,DI,Valid,11/21/2019 0:00,,11/21/2019 0:00,,3/30/2020 0:00,7/15/2044 0:00,11/21/2026 0:00,11/21/2024 0:00,3/30/2020 0:00,6/24/2020 0:00,,12487000,6000000,12487460.96,87120000,74632539.04,0,12487460.96,0,6000000,87120000,12487460.96,Fiscal Management Modernization Project for the State of São Paulo - PROFISCO II SP,LON-INV,BR-L1516,12/6/2018 0:00,2018,DI,Proyecto de Modernización de la Gestión Fiscal del Estado de São Paulo - PROFISCO II SP,Satisfactory,Satisfactorio,SECRETARIA DA FAZENDA DO ESTADO DE SAO PAULO ,SECRETARIA DA FAZENDA DO ESTADO DE SAO PAULO ,24,LON - Loan Operation,LON - Operación de Préstamo,ORC - Ordinary Capital,ORC - Ordinary Capital,IFD/FMM - Fiscal Management Division,IFD/FMM - Not defined,ESP - ESP (Specific Investment Operation),ESP - ESP (Operación de inversión específica),RM - REFORM / MODERNIZATION OF THE STATE,SG - Sovereign Guaranteed,SG - SG,BR - Brazil,BR - Brasil,DI - DISBURSING - FIRST DISBURSEMENT HAS OCCURRED AND THERE ARE FUNDS REMAINING TO BE,DI - DESEMBOLSANDO: EL PRIMER DESEMBOLSO HA OCURRIDO Y HAY FONDOS POR DESEMBOLSAR,RM - REFORMA/MODERNIZACIÓN DEL ESTADO,INV,INV - Investment Loan,INV - Préstamo de Inversión,IFD - Institutions for Development,CSC/CBR,CSC/CBR - Country Office Brazil,CSC/CBR - Representación Brasil
BR-L1517,ACTIVE,4741/OC-BR,USD,LON,ORC,IFD,IFD/FMM,ESP,RM-FIS,SG,ANDREMA,"MARTINEZ FRITSCHER, ANDRE CARLOS",CSC,BR,5,DI,Valid,12/28/2021 0:00,,12/28/2021 0:00,,5/30/2022 21:34,12/15/2046 0:00,12/28/2026 0:00,12/28/2026 0:00,5/30/2022 21:34,9/20/2022 0:00,,6600000,6970000,13570266.43,37800000,24229733.57,0,13570266.43,0,0,37800000,13570266.43,Fiscal Management Modernization Project for the State of ESPÍRITO SANTO - PROFISCO II – ES,LON-INV,BR-L1517,1/23/2019 0:00,2019,DI,Proyecto de Modernización de la Gestión Fiscal del Estado de ESPIRITO SANTO – PROFISCO II-ES,Satisfactory,Satisfactorio,SECRETARIA DE FAZENDA DE ESPIRITO SANTO,SECRETARIA DE FAZENDA DE ESPIRITO SANTO,0,LON - Loan Operation,LON - Operación de Préstamo,ORC - Ordinary Capital,ORC - Ordinary Capital,IFD/FMM - Fiscal Management Division,IFD/FMM - Not defined,ESP - ESP (Specific Investment Operation),ESP - ESP (Operación de inversión específica),RM-FIS - REFORM / MODERNIZATION OF THE STATE-FISCAL POLICY FOR SUSTAINABILITY AND GROWTH,SG - Sovereign Guaranteed,SG - SG,BR - Brazil,BR - Brasil,DI - DISBURSING - FIRST DISBURSEMENT HAS OCCURRED AND THERE ARE FUNDS REMAINING TO BE,DI - DESEMBOLSANDO: EL PRIMER DESEMBOLSO HA OCURRIDO Y HAY FONDOS POR DESEMBOLSAR,RM-FIS - REFORMA/MODERNIZACIÓN DEL ESTADO-POLÍTICA FISCAL PARA LA SOSTENIBILIDAD Y EL CRECIMIENTO,INV,INV - Investment Loan,INV - Préstamo de Inversión,IFD - Institutions for Development,CSC/CBR,CSC/CBR - Country Office Brazil,CSC/CBR - Representación Brasil
BR-L1525,ACTIVE,4930/OC-BR,USD,LON,ORC,IFD,IFD/FMM,ESP,RM-DES,SG,CGONCALVES,"GONCALVES, CARLOS EDUARDO",CSC,BR,5,DI,Valid,12/30/2023 0:00,,12/30/2023 0:00,,7/3/2024 8:34,11/15/2048 0:00,12/30/2028 0:00,12/30/2028 0:00,7/3/2024 8:34,11/12/2024 0:00,,5000000,10655000,22655432.57,30000000,7344567.43,0,22655432.57,0,0,30000000,22655432.57,Fiscal Management Modernization Project for the State of Amapá – PROFISCO II – AP,LON-INV,BR-L1525,12/6/2019 0:00,2019,DI,Proyecto de Modernización de la Gestión Fiscal del Estado de Amapá ― PROFISCO II - AP,Satisfactory,Satisfactorio,SECRETARIA DE ESTADO DA FAZENDA DEL ESTADO DE AMAPA ,SECRETARIA DE ESTADO DA FAZENDA DEL ESTADO DE AMAPA ,0,LON - Loan Operation,LON - Operación de Préstamo,ORC - Ordinary Capital,ORC - Ordinary Capital,IFD/FMM - Fiscal Management Division,IFD/FMM - Not defined,ESP - ESP (Specific Investment Operation),ESP - ESP (Operación de inversión específica),RM-DES - REFORM / MODERNIZATION OF THE STATE-DECENTRALIZATION & INTERGOVERNMENTAL RELATIONS,SG - Sovereign Guaranteed,SG - SG,BR - Brazil,BR - Brasil,DI - DISBURSING - FIRST DISBURSEMENT HAS OCCURRED AND THERE ARE FUNDS REMAINING TO BE,DI - DESEMBOLSANDO: EL PRIMER DESEMBOLSO HA OCURRIDO Y HAY FONDOS POR DESEMBOLSAR,RM-DES - REFORMA/MODERNIZACIÓN DEL ESTADO-DESCENTRALIZACIÓN Y RELACIONES INTERGUBERNAMENTALES,INV,INV - Investment Loan,INV - Préstamo de Inversión,IFD - Institutions for Development,CSC/CBR,CSC/CBR - Country Office Brazil,CSC/CBR - Representación Brasil
BR-L1527,ACTIVE,4951/OC-BR,USD,LON,ORC,IFD,IFD/FMM,ESP,RM-FIS,SG,MMACDOWELL,MARIA CRISTINA MAC DOWELL,CSC,BR,5,DI,Valid,9/30/2020 0:00,,9/30/2020 0:00,,1/25/2021 20:06,5/15/2045 0:00,9/30/2027 0:00,9/30/2025 0:00,1/25/2021 20:06,1/29/2021 0:00,,5000000,4820000,9820448.19,50000000,40179551.81,0,9820448.19,0,0,50000000,9820448.19,Fiscal Management Modernization Project of the State of Paraná - PROFISCO II PR,LON-INV,BR-L1527,12/16/2019 0:00,2019,DI,Proyecto de Modernización de la Gestión Fiscal del Estado de Paraná - PROFISCO II PR,Satisfactory,Satisfactorio,SECRETARIA DE ESTADO DA FAZENDA,SECRETARIA DE ESTADO DA FAZENDA,24,LON - Loan Operation,LON - Operación de Préstamo,ORC - Ordinary Capital,ORC - Ordinary Capital,IFD/FMM - Fiscal Management Division,IFD/FMM - Not defined,ESP - ESP (Specific Investment Operation),ESP - ESP (Operación de inversión específica),RM-FIS - REFORM / MODERNIZATION OF THE STATE-FISCAL POLICY FOR SUSTAINABILITY AND GROWTH,SG - Sovereign Guaranteed,SG - SG,BR - Brazil,BR - Brasil,DI - DISBURSING - FIRST DISBURSEMENT HAS OCCURRED AND THERE ARE FUNDS REMAINING TO BE,DI - DESEMBOLSANDO: EL PRIMER DESEMBOLSO HA OCURRIDO Y HAY FONDOS POR DESEMBOLSAR,RM-FIS - REFORMA/MODERNIZACIÓN DEL ESTADO-POLÍTICA FISCAL PARA LA SOSTENIBILIDAD Y EL CRECIMIENTO,INV,INV - Investment Loan,INV - Préstamo de Inversión,IFD - Institutions for Development,CSC/CBR,CSC/CBR - Country Office Brazil,CSC/CBR - Representación Brasil
BR-L1533,ACTIVE,4970/OC-BR,USD,LON,ORC,IFD,IFD/FMM,ESP,RM-FIS,SG,RMOTTACAFE,"MOTTA CAFE, RENATA",CSC,BR,5,DI,Valid,4/19/2022 0:00,,4/19/2022 0:00,,6/14/2022 10:20,2/15/2047 0:00,4/19/2027 0:00,4/19/2027 0:00,6/14/2022 10:20,10/14/2022 0:00,,9500000,5000000,13000000,40000000,27000000,0,13000000,0,5300000,40000000,13000000,Fiscal Management Modernization Project for the State of Bahia – PROFISCO II – BA,LON-INV,BR-L1533,1/15/2020 0:00,2020,DI,Proyecto de Modernización de la Gestión Fiscal del Estado de Bahia ― PROFISCO II - BA,Satisfactory,Satisfactorio,SECRETARIA DE FAZENDA DE BAHIA,SECRETARIA DE FAZENDA DE BAHIA,0,LON - Loan Operation,LON - Operación de Préstamo,ORC - Ordinary Capital,ORC - Ordinary Capital,IFD/FMM - Fiscal Management Division,IFD/FMM - Not defined,ESP - ESP (Specific Investment Operation),ESP - ESP (Operación de inversión específica),RM-FIS - REFORM / MODERNIZATION OF THE STATE-FISCAL POLICY FOR SUSTAINABILITY AND GROWTH,SG - Sovereign Guaranteed,SG - SG,BR - Brazil,BR - Brasil,DI - DISBURSING - FIRST DISBURSEMENT HAS OCCURRED AND THERE ARE FUNDS REMAINING TO BE,DI - DESEMBOLSANDO: EL PRIMER DESEMBOLSO HA OCURRIDO Y HAY FONDOS POR DESEMBOLSAR,RM-FIS - REFORMA/MODERNIZACIÓN DEL ESTADO-POLÍTICA FISCAL PARA LA SOSTENIBILIDAD Y EL CRECIMIENTO,INV,INV - Investment Loan,INV - Préstamo de Inversión,IFD - Institutions for Development,CSC/CBR,CSC/CBR - Country Office Brazil,CSC/CBR - Representación Brasil
BR-L1534,ACTIVE,4961/OC-BR,USD,LON,ORC,IFD,IFD/FMM,ESP,RM-FIS,SG,MMACDOWELL,MARIA CRISTINA MAC DOWELL,CSC,BR,7,CO,Valid,12/7/2020 0:00,,12/7/2020 0:00,2/23/2026 10:09,5/6/2021 13:38,10/15/2045 0:00,12/7/2025 0:00,12/7/2025 0:00,5/6/2021 13:38,5/13/2021 0:00,10/15/2025 0:00,0,0,0,60000000,60000000,0,0,0,0,60000000,0,Fiscal Management Modernization Project for the State of Rio Grande do Sul – PROFISCO II – RS,LON-INV,BR-L1534,12/18/2019 0:00,2019,COAFR,Proyecto de Mejora y Fortalecimiento de la Gestión Fiscal del Estado de Rio Grande do Sul - PROFISCO II-RS,Satisfactory,Satisfactorio,SECRETARIA DE ESTADO DA FAZENDA DO RIO GRANDE DO SUL ,SECRETARIA DE ESTADO DA FAZENDA DO RIO GRANDE DO SUL ,0,LON - Loan Operation,LON - Operación de Préstamo,ORC - Ordinary Capital,ORC - Ordinary Capital,IFD/FMM - Fiscal Management Division,IFD/FMM - Not defined,ESP - ESP (Specific Investment Operation),ESP - ESP (Operación de inversión específica),RM-FIS - REFORM / MODERNIZATION OF THE STATE-FISCAL POLICY FOR SUSTAINABILITY AND GROWTH,SG - Sovereign Guaranteed,SG - SG,BR - Brazil,BR - Brasil,CO - CLOSED BY OPERATIONS--NO MORE DISBURSEMENT PROCESSING WILL BE DONE.,CO - CERRADO POR OPERACIONES--NO SE REALIZARÁ MÁS DESEMBOLSO,RM-FIS - REFORMA/MODERNIZACIÓN DEL ESTADO-POLÍTICA FISCAL PARA LA SOSTENIBILIDAD Y EL CRECIMIENTO,INV,INV - Investment Loan,INV - Préstamo de Inversión,IFD - Institutions for Development,CSC/CBR,CSC/CBR - Country Office Brazil,CSC/CBR - Representación Brasil
BR-L1535,ACTIVE,5188/OC-BR,USD,LON,ORC,IFD,IFD/FMM,ESP,RM-FIS,SG,ANDREMA,"MARTINEZ FRITSCHER, ANDRE CARLOS",CSC,BR,5,DI,Valid,12/13/2021 0:00,,12/13/2021 0:00,,4/25/2022 10:30,11/15/2046 0:00,12/13/2026 0:00,12/13/2026 0:00,4/25/2022 10:30,12/6/2022 0:00,,8000000,8645000,16644927.57,38412000,21767072.43,0,16644927.57,0,0,38412000,8644927.57,Fiscal Management Modernization Project for the State of Paraíba - PROFISCO II PB,LON-INV,BR-L1535,12/9/2020 0:00,2020,DI,Proyecto de Modernización de la Gestión Fiscal del Estado de Paraíba - PROFISCO II PB,Satisfactory,Satisfactorio,SECRETARIA DE ESTADO DA RECEITA DA PARAIBA ,SECRETARIA DE ESTADO DA RECEITA DA PARAIBA ,0,LON - Loan Operation,LON - Operación de Préstamo,ORC - Ordinary Capital,ORC - Ordinary Capital,IFD/FMM - Fiscal Management Division,IFD/FMM - Not defined,ESP - ESP (Specific Investment Operation),ESP - ESP (Operación de inversión específica),RM-FIS - REFORM / MODERNIZATION OF THE STATE-FISCAL POLICY FOR SUSTAINABILITY AND GROWTH,SG - Sovereign Guaranteed,SG - SG,BR - Brazil,BR - Brasil,DI - DISBURSING - FIRST DISBURSEMENT HAS OCCURRED AND THERE ARE FUNDS REMAINING TO BE,DI - DESEMBOLSANDO: EL PRIMER DESEMBOLSO HA OCURRIDO Y HAY FONDOS POR DESEMBOLSAR,RM-FIS - REFORMA/MODERNIZACIÓN DEL ESTADO-POLÍTICA FISCAL PARA LA SOSTENIBILIDAD Y EL CRECIMIENTO,INV,INV - Investment Loan,INV - Préstamo de Inversión,IFD - Institutions for Development,CSC/CBR,CSC/CBR - Country Office Brazil,CSC/CBR - Representación Brasil
BR-L1539,ACTIVE,5393/OC-BR,USD,LON,ORC,IFD,IFD/FMM,ESP,RM-FIS,SG,ANASTASIYAY,"YARYGINA UDOVENKO, ANASTASIYA",CSC,BR,5,DI,Valid,5/26/2023 0:00,,5/26/2023 0:00,,11/9/2023 7:04,12/15/2047 0:00,5/26/2028 0:00,5/26/2028 0:00,11/9/2023 7:04,5/24/2024 0:00,,5000000,31269000,43116304.61,56279900,13163595.39,0,43116304.61,0,0,56279900,42116304.61,Fiscal Management Modernization Project for the State of Mato Grosso - PROFISCO II - MT,LON-INV,BR-L1539,11/3/2021 0:00,2021,DI,Proyecto de Modernización de la Gestión Fiscal del Estado de Mato Grosso - PROFISCO II-MT,Satisfactory,Satisfactorio,ESTADO DE MATO GROSSO SECRETARIA DE ESTADO DA FAZENDA DO EST ,ESTADO DE MATO GROSSO SECRETARIA DE ESTADO DA FAZENDA DO EST ,0,LON - Loan Operation,LON - Operación de Préstamo,ORC - Ordinary Capital,ORC - Ordinary Capital,IFD/FMM - Fiscal Management Division,IFD/FMM - Not defined,ESP - ESP (Specific Investment Operation),ESP - ESP (Operación de inversión específica),RM-FIS - REFORM / MODERNIZATION OF THE STATE-FISCAL POLICY FOR SUSTAINABILITY AND GROWTH,SG - Sovereign Guaranteed,SG - SG,BR - Brazil,BR - Brasil,DI - DISBURSING - FIRST DISBURSEMENT HAS OCCURRED AND THERE ARE FUNDS REMAINING TO BE,DI - DESEMBOLSANDO: EL PRIMER DESEMBOLSO HA OCURRIDO Y HAY FONDOS POR DESEMBOLSAR,RM-FIS - REFORMA/MODERNIZACIÓN DEL ESTADO-POLÍTICA FISCAL PARA LA SOSTENIBILIDAD Y EL CRECIMIENTO,INV,INV - Investment Loan,INV - Préstamo de Inversión,IFD - Institutions for Development,CSC/CBR,CSC/CBR - Country Office Brazil,CSC/CBR - Representación Brasil
BR-L1540,ACTIVE,5344/OC-BR,USD,LON,ORC,IFD,IFD/FMM,ESP,RM-FIS,SG,CGONCALVES,"GONCALVES, CARLOS EDUARDO",CSC,BR,5,DI,Valid,8/29/2023 0:00,,8/29/2023 0:00,,11/30/2023 16:07,7/15/2048 0:00,8/29/2028 0:00,8/29/2028 0:00,11/30/2023 16:07,12/7/2023 0:00,,3687000,12504720,23866505.81,36000000,12133494.19,0,23866505.81,0,165085.3,36000000,23866505.81,Fiscal Management Modernization Project for the State of Alagoas - PROFISCO II AL,LON-INV,BR-L1540,9/15/2021 0:00,2021,DI,Proyecto de Modernización de la Gestión Fiscal del Estado de Alagoas – PROFISCO II AL,Satisfactory,Satisfactorio,SECRETARIA DE ESTADO DA FAZENDA DE ALAGOAS ,SECRETARIA DE ESTADO DA FAZENDA DE ALAGOAS ,0,LON - Loan Operation,LON - Operación de Préstamo,ORC - Ordinary Capital,ORC - Ordinary Capital,IFD/FMM - Fiscal Management Division,IFD/FMM - Not defined,ESP - ESP (Specific Investment Operation),ESP - ESP (Operación de inversión específica),RM-FIS - REFORM / MODERNIZATION OF THE STATE-FISCAL POLICY FOR SUSTAINABILITY AND GROWTH,SG - Sovereign Guaranteed,SG - SG,BR - Brazil,BR - Brasil,DI - DISBURSING - FIRST DISBURSEMENT HAS OCCURRED AND THERE ARE FUNDS REMAINING TO BE,DI - DESEMBOLSANDO: EL PRIMER DESEMBOLSO HA OCURRIDO Y HAY FONDOS POR DESEMBOLSAR,RM-FIS - REFORMA/MODERNIZACIÓN DEL ESTADO-POLÍTICA FISCAL PARA LA SOSTENIBILIDAD Y EL CRECIMIENTO,INV,INV - Investment Loan,INV - Préstamo de Inversión,IFD - Institutions for Development,CSC/CBR,CSC/CBR - Country Office Brazil,CSC/CBR - Representación Brasil
BR-L1550,ACTIVE,5411/OC-BR,USD,LON,ORC,IFD,IFD/FMM,ESP,RM-FIS,SG,RMOTTACAFE,"MOTTA CAFE, RENATA",CSC,BR,5,DI,Valid,11/29/2022 0:00,,11/29/2022 0:00,,5/25/2023 11:11,10/15/2047 0:00,11/29/2027 0:00,11/29/2027 0:00,5/25/2023 11:11,8/2/2023 0:00,,3000000,4478000,7478168.35,27900000,20421831.65,0,7478168.35,0,4026598.39,27900000,7478168.35,Fiscal Management Modernization Project for the State of Sergipe – PROFISCO II/SE,LON-INV,BR-L1550,11/19/2021 0:00,2021,DI,Proyecto de Modernización de la Gestión Fiscal del Estado de Sergipe – PROFISCO II/SE,Satisfactory,Satisfactorio,SECRETARIA DE ESTADO DE FAZENDA,SECRETARIA DE ESTADO DE FAZENDA,0,LON - Loan Operation,LON - Operación de Préstamo,ORC - Ordinary Capital,ORC - Ordinary Capital,IFD/FMM - Fiscal Management Division,IFD/FMM - Not defined,ESP - ESP (Specific Investment Operation),ESP - ESP (Operación de inversión específica),RM-FIS - REFORM / MODERNIZATION OF THE STATE-FISCAL POLICY FOR SUSTAINABILITY AND GROWTH,SG - Sovereign Guaranteed,SG - SG,BR - Brazil,BR - Brasil,DI - DISBURSING - FIRST DISBURSEMENT HAS OCCURRED AND THERE ARE FUNDS REMAINING TO BE,DI - DESEMBOLSANDO: EL PRIMER DESEMBOLSO HA OCURRIDO Y HAY FONDOS POR DESEMBOLSAR,RM-FIS - REFORMA/MODERNIZACIÓN DEL ESTADO-POLÍTICA FISCAL PARA LA SOSTENIBILIDAD Y EL CRECIMIENTO,INV,INV - Investment Loan,INV - Préstamo de Inversión,IFD - Institutions for Development,CSC/CBR,CSC/CBR - Country Office Brazil,CSC/CBR - Representación Brasil
BR-L1592,ACTIVE,5684/OC-BR,USD,LON,ORC,IFD,IFD/FMM,ESP,RM-DES,SG,ANDREMA,"MARTINEZ FRITSCHER, ANDRE CARLOS",CSC,BR,5,DI,Valid,12/30/2024 0:00,,12/30/2024 0:00,,5/23/2025 9:35,4/15/2049 0:00,12/30/2029 0:00,12/30/2029 0:00,5/23/2025 9:35,7/14/2025 0:00,,5500000,10416200,57274232.63,72700000,15425767.37,0,57274232.63,0,4500000,72700000,57274232.63,Financial Development Program of the Federal District (PRODEFAZ/PROFISCO II),LON-INV,BR-L1592,11/30/2022 0:00,2022,DI,Programa de Desarrollo Hacendario del Distrito Federal (PRODEFAZ/PROFISCO II),Satisfactory,Satisfactorio,SECRETARIA DE ESTADO DE ECONOMIA DO DISTRITO FEDERAL ,SECRETARIA DE ESTADO DE ECONOMIA DO DISTRITO FEDERAL ,0,LON - Loan Operation,LON - Operación de Préstamo,ORC - Ordinary Capital,ORC - Ordinary Capital,IFD/FMM - Fiscal Management Division,IFD/FMM - Not defined,ESP - ESP (Specific Investment Operation),ESP - ESP (Operación de inversión específica),RM-DES - REFORM / MODERNIZATION OF THE STATE-DECENTRALIZATION & INTERGOVERNMENTAL RELATIONS,SG - Sovereign Guaranteed,SG - SG,BR - Brazil,BR - Brasil,DI - DISBURSING - FIRST DISBURSEMENT HAS OCCURRED AND THERE ARE FUNDS REMAINING TO BE,DI - DESEMBOLSANDO: EL PRIMER DESEMBOLSO HA OCURRIDO Y HAY FONDOS POR DESEMBOLSAR,RM-DES - REFORMA/MODERNIZACIÓN DEL ESTADO-DESCENTRALIZACIÓN Y RELACIONES INTERGUBERNAMENTALES,INV,INV - Investment Loan,INV - Préstamo de Inversión,IFD - Institutions for Development,CSC/CBR,CSC/CBR - Country Office Brazil,CSC/CBR - Representación Brasil
BR-L1599,ACTIVE,5792/OC-BR,USD,LON,ORC,IFD,IFD/FMM,LBR,RM-FIN,SG,MMACDOWELL,MARIA CRISTINA MAC DOWELL,CSC,BR,5,DI,Valid,12/29/2023 0:00,,12/29/2023 0:00,,6/4/2024 16:02,7/15/2048 0:00,12/29/2026 0:00,12/29/2026 0:00,6/4/2024 16:02,6/7/2024 0:00,,51079000,0,51079330.95,500000000,448920669.1,0,51079330.95,0,0,500000000,51079330.95,Fiscal Sustainability Support Program for the Estado do Rio Grande do Sul Pro-Sustainability RS,LON-INV,BR-L1599,9/27/2023 0:00,2023,DI,Programa de Apoyo a la Sostenibilidad Fiscal del Estado do Rio Grande do Sul Pro-Sostenibilidad RS,Satisfactory,Satisfactorio,SECRETARIA DE ESTADO DA FAZENDA DO RIO GRANDE DO SUL ,SECRETARIA DE ESTADO DA FAZENDA DO RIO GRANDE DO SUL ,0,LON - Loan Operation,LON - Operación de Préstamo,ORC - Ordinary Capital,ORC - Ordinary Capital,IFD/FMM - Fiscal Management Division,IFD/FMM - Not defined,LBR - LBR (Loan Based on Results),LBR - LBR (Préstamo basado en resultados),RM-FIN - REFORM / MODERNIZATION OF THE STATE-PUBLIC EXPENDITURE MANAGEMENT,SG - Sovereign Guaranteed,SG - SG,BR - Brazil,BR - Brasil,DI - DISBURSING - FIRST DISBURSEMENT HAS OCCURRED AND THERE ARE FUNDS REMAINING TO BE,DI - DESEMBOLSANDO: EL PRIMER DESEMBOLSO HA OCURRIDO Y HAY FONDOS POR DESEMBOLSAR,RM-FIN - REFORMA/MODERNIZACIÓN DEL ESTADO-GESTIÓN DEL GASTO PÚBLICO,INV,INV - Investment Loan,INV - Préstamo de Inversión,IFD - Institutions for Development,CSC/CBR,CSC/CBR - Country Office Brazil,CSC/CBR - Representación Brasil
BR-L1614,ACTIVE,5868/OC-BR,USD,LON,ORC,IFD,IFD/FMM,ESP,RM-DES,SG,CGONCALVES,"GONCALVES, CARLOS EDUARDO",CSC,BR,4,EL,Valid,5/13/2025 0:00,,5/13/2025 0:00,,3/26/2026 10:12,9/15/2049 0:00,5/13/2030 0:00,5/13/2030 0:00,3/26/2026 10:12,,,0,0,42500000,42500000,0,0,42500000,0,0,42500000,42500000,Fiscal Management Modernization Project for the State of Tocantins - PROFISCO II TO,LON-INV,BR-L1614,4/5/2024 0:00,2024,DI,Proyecto de Modernización de la Gestión Fiscal del Estado de Tocantins - PROFISCO II TO,Problem,Problema,GOVERNO DO ESTADO DO TOCANTINS,GOVERNO DO ESTADO DO TOCANTINS,0,LON - Loan Operation,LON - Operación de Préstamo,ORC - Ordinary Capital,ORC - Ordinary Capital,IFD/FMM - Fiscal Management Division,IFD/FMM - Not defined,ESP - ESP (Specific Investment Operation),ESP - ESP (Operación de inversión específica),RM-DES - REFORM / MODERNIZATION OF THE STATE-DECENTRALIZATION & INTERGOVERNMENTAL RELATIONS,SG - Sovereign Guaranteed,SG - SG,BR - Brazil,BR - Brasil,EL - ELIGIBLE FOR DISBURSEMENT--AT LEAST ONE COI IS ELIGIBLE.,EL - ELEGIBLE PARA EL DESEMBOLSO: AL MENOS UNA COI ES ELEGIBLE.,RM-DES - REFORMA/MODERNIZACIÓN DEL ESTADO-DESCENTRALIZACIÓN Y RELACIONES INTERGUBERNAMENTALES,INV,INV - Investment Loan,INV - Préstamo de Inversión,IFD - Institutions for Development,CSC/CBR,CSC/CBR - Country Office Brazil,CSC/CBR - Representación Brasil
BR-L1629,ACTIVE,6016/OC-BR,USD,LON,ORC,IFD,IFD/FMM,ESP,RM-SUB,SG,MMACDOWELL,MARIA CRISTINA MAC DOWELL,CSC,BR,2,AF,Valid,,,,,,6/25/2045 0:00,,,,,,0,0,30000000,30000000,0,0,30000000,0,0,30000000,30000000,Fiscal Management Modernization Program of the State of Amazonas - PROFISCO III AM,LON-INV,BR-L1629,6/25/2025 0:00,2025,APPLA,Programa de Modernización de la Gestión Fiscal del Estado de Amazonas - PROFISCO III AM,Satisfactory,Satisfactorio,SECRETARIA DE ESTADO DA FAZENDA DA AMAZONAS ,SECRETARIA DE ESTADO DA FAZENDA DA AMAZONAS ,,LON - Loan Operation,LON - Operación de Préstamo,ORC - Ordinary Capital,ORC - Ordinary Capital,IFD/FMM - Fiscal Management Division,IFD/FMM - Not defined,ESP - ESP (Specific Investment Operation),ESP - ESP (Operación de inversión específica),RM-SUB - REFORM / MODERNIZATION OF THE STATE-SUBNATIONAL AND LOCAL GOVERNMENTS,SG - Sovereign Guaranteed,SG - SG,BR - Brazil,BR - Brasil,AF - APPROVED BY THE BOARD AND FUNDED BY FINANCE,AF - APROBADO POR DIRECTORIO Y FINANCIADO POR FINANZAS,RM-SUB - REFORMA/MODERNIZACIÓN DEL ESTADO-GOBIERNOS SUBNACIONALES Y LOCALES,INV,INV - Investment Loan,INV - Préstamo de Inversión,IFD - Institutions for Development,CSC/CBR,CSC/CBR - Country Office Brazil,CSC/CBR - Representación Brasil
BR-L1643,ACTIVE,6035/OC-BR,USD,LON,ORC,IFD,IFD/FMM,ESP,RM-SUB,SG,RMOTTACAFE,"MOTTA CAFE, RENATA",CSC,BR,5,DI,Valid,12/30/2025 0:00,,12/30/2025 0:00,,2/4/2026 15:56,1/15/2050 0:00,12/30/2030 0:00,12/30/2030 0:00,2/4/2026 15:56,2/24/2026 0:00,,10050050,13356000,61355949.53,80000000,18644050.47,0,61355949.53,0,18644050.47,80000000,61355949.53,Program for the Modernization of Fiscal Management of the State of Ceará - PROFISCO III CE,LON-INV,BR-L1643,8/29/2025 0:00,2025,DI,Programa de Modernización de la Gestión Fiscal del Estado de Ceará - PROFISCO III CE,Satisfactory,Satisfactorio,SECRETARIA DA FAZENDA DO ESTADO DO CEARA,SECRETARIA DA FAZENDA DO ESTADO DO CEARA,0,LON - Loan Operation,LON - Operación de Préstamo,ORC - Ordinary Capital,ORC - Ordinary Capital,IFD/FMM - Fiscal Management Division,IFD/FMM - Not defined,ESP - ESP (Specific Investment Operation),ESP - ESP (Operación de inversión específica),RM-SUB - REFORM / MODERNIZATION OF THE STATE-SUBNATIONAL AND LOCAL GOVERNMENTS,SG - Sovereign Guaranteed,SG - SG,BR - Brazil,BR - Brasil,DI - DISBURSING - FIRST DISBURSEMENT HAS OCCURRED AND THERE ARE FUNDS REMAINING TO BE,DI - DESEMBOLSANDO: EL PRIMER DESEMBOLSO HA OCURRIDO Y HAY FONDOS POR DESEMBOLSAR,RM-SUB - REFORMA/MODERNIZACIÓN DEL ESTADO-GOBIERNOS SUBNACIONALES Y LOCALES,INV,INV - Investment Loan,INV - Préstamo de Inversión,IFD - Institutions for Development,CSC/CBR,CSC/CBR - Country Office Brazil,CSC/CBR - Representación Brasil
BR-L1658,ACTIVE,6120/OC-BR,USD,LON,ORC,IFD,IFD/FMM,ESP,RM-REA,SG,MMACDOWELL,MARIA CRISTINA MAC DOWELL,CSC,BR,2,AF,Valid,,,,,,12/10/2045 0:00,,,,,,0,0,278000000,278000000,0,0,278000000,0,0,278000000,278000000,Fiscal Management Modernization Program of the Ministry of Finance - PROFISCO III MF,LON-INV,BR-L1658,12/10/2025 0:00,2025,APPLA,Programa de Modernización de la Gestión Fiscal del Ministerio de Hacienda - PROFISCO III MF,Satisfactory,Satisfactorio,MINISTERIO DA FAZENDA,MINISTERIO DA FAZENDA,,LON - Loan Operation,LON - Operación de Préstamo,ORC - Ordinary Capital,ORC - Ordinary Capital,IFD/FMM - Fiscal Management Division,IFD/FMM - Not defined,ESP - ESP (Specific Investment Operation),ESP - ESP (Operación de inversión específica),RM-REA - REFORM / MODERNIZATION OF THE STATE-REVENUE ADMINISTRATION,SG - Sovereign Guaranteed,SG - SG,BR - Brazil,BR - Brasil,AF - APPROVED BY THE BOARD AND FUNDED BY FINANCE,AF - APROBADO POR DIRECTORIO Y FINANCIADO POR FINANZAS,RM-REA - REFORMA/MODERNIZACIÓN DEL ESTADO-ADMINISTRACIÓN DE INGRESOS,INV,INV - Investment Loan,INV - Préstamo de Inversión,IFD - Institutions for Development,CSC/CBR,CSC/CBR - Country Office Brazil,CSC/CBR - Representación Brasil
CH-L1178,ACTIVE,5864/OC-CH,USD,LON,ORC,IFD,IFD/FMM,ESP,RM-FIN,SG,LESLIEHA,"HARPER, LESLIE ELIZABETH",CSC,CH,5,DI,Valid,1/3/2025 0:00,1/3/2025 0:00,9/11/2024 0:00,,3/20/2025 6:48,6/15/2049 0:00,1/3/2029 0:00,1/3/2029 0:00,3/20/2025 6:48,4/14/2025 0:00,,3253000,6398000,14678278.73,20000000,5321721.27,0,14678278.73,0,0,20000000,14678278.73,Program to Improve the Quality of Expenditure in Public Procurement,LON-INV,CH-L1178,3/19/2024 0:00,2024,DI,Programa de Mejora de la Calidad del Gasto en las Compras Públicas,Satisfactory,Satisfactorio,DIRECCION DE COMPRAS Y CONTRATACION PUBLICA ,DIRECCION DE COMPRAS Y CONTRATACION PUBLICA ,0,LON - Loan Operation,LON - Operación de Préstamo,ORC - Ordinary Capital,ORC - Ordinary Capital,IFD/FMM - Fiscal Management Division,IFD/FMM - Not defined,ESP - ESP (Specific Investment Operation),ESP - ESP (Operación de inversión específica),RM-FIN - REFORM / MODERNIZATION OF THE STATE-PUBLIC EXPENDITURE MANAGEMENT,SG - Sovereign Guaranteed,SG - SG,CH - Chile,CH - Chile,DI - DISBURSING - FIRST DISBURSEMENT HAS OCCURRED AND THERE ARE FUNDS REMAINING TO BE,DI - DESEMBOLSANDO: EL PRIMER DESEMBOLSO HA OCURRIDO Y HAY FONDOS POR DESEMBOLSAR,RM-FIN - REFORMA/MODERNIZACIÓN DEL ESTADO-GESTIÓN DEL GASTO PÚBLICO,INV,INV - Investment Loan,INV - Préstamo de Inversión,IFD - Institutions for Development,CSC/CCH,CSC/CCH - Country Office Chile,CSC/CCH - Representación Chile
CO-L1164,ACTIVE,4856/OC-CO,USD,LON,ORC,IFD,IFD/FMM,ESP,RM-SUB,SG,ZOILAL,"LLEMPEN LOPEZ, ZOILA CRISTINA",CAN,CO,5,DI,Valid,10/25/2019 0:00,,10/25/2019 0:00,,3/18/2020 0:00,11/15/2033 0:00,10/25/2027 0:00,10/25/2024 0:00,3/18/2020 0:00,8/7/2020 0:00,,2080000,0,32400121.22,50000000,17599878.78,0,32400121.22,0,3005649.42,50000000,32400121.22,Program for the Adoption and Implementation of a Rural-Urban Multipurpose Cadastre,LON-INV,CO-L1164,9/11/2019 0:00,2019,DI,Programa para la Adopción e Implementación de un Catastro Multipropósito rural-urbano,Satisfactory,Satisfactorio,SUPERINTENDENCIA DE NOTARIADO Y REGISTRO,SUPERINTENDENCIA DE NOTARIADO Y REGISTRO,36,LON - Loan Operation,LON - Operación de Préstamo,ORC - Ordinary Capital,ORC - Ordinary Capital,IFD/FMM - Fiscal Management Division,IFD/FMM - Not defined,ESP - ESP (Specific Investment Operation),ESP - ESP (Operación de inversión específica),RM-SUB - REFORM / MODERNIZATION OF THE STATE-SUBNATIONAL AND LOCAL GOVERNMENTS,SG - Sovereign Guaranteed,SG - SG,CO - Colombia,CO - Colombia,DI - DISBURSING - FIRST DISBURSEMENT HAS OCCURRED AND THERE ARE FUNDS REMAINING TO BE,DI - DESEMBOLSANDO: EL PRIMER DESEMBOLSO HA OCURRIDO Y HAY FONDOS POR DESEMBOLSAR,RM-SUB - REFORMA/MODERNIZACIÓN DEL ESTADO-GOBIERNOS SUBNACIONALES Y LOCALES,INV,INV - Investment Loan,INV - Préstamo de Inversión,IFD - Institutions for Development,CAN/CCO,CAN/CCO - Country Office Colombia,CAN/CCO - Representación Colombia
CO-L1245,ACTIVE,5148/OC-CO,USD,LON,ORC,IFD,IFD/FMM,ESP,RM-REA,SG,ZOILAL,"LLEMPEN LOPEZ, ZOILA CRISTINA",CAN,CO,5,DI,Valid,12/24/2020 0:00,,12/24/2020 0:00,,1/28/2021 13:27,11/15/2029 0:00,12/24/2028 0:00,12/24/2025 0:00,1/28/2021 13:27,3/31/2021 0:00,,14000000,75400000,171500000,250000000,78500000,0,171500000,0,0,250000000,168700000,Program to Support the Modernization of the National Tax and Customs Directorate,LON-INV,CO-L1245,11/6/2020 0:00,2020,DI,Programa de Apoyo a la Modernización de la Dirección de Impuestos y Aduanas Nacionales,Satisfactory,Satisfactorio,DIRECCIÓN DE IMPUESTOS Y ADUANAS DE COLOMBIA ,DIRECCIÓN DE IMPUESTOS Y ADUANAS DE COLOMBIA ,36,LON - Loan Operation,LON - Operación de Préstamo,ORC - Ordinary Capital,ORC - Ordinary Capital,IFD/FMM - Fiscal Management Division,IFD/FMM - Not defined,ESP - ESP (Specific Investment Operation),ESP - ESP (Operación de inversión específica),RM-REA - REFORM / MODERNIZATION OF THE STATE-REVENUE ADMINISTRATION,SG - Sovereign Guaranteed,SG - SG,CO - Colombia,CO - Colombia,DI - DISBURSING - FIRST DISBURSEMENT HAS OCCURRED AND THERE ARE FUNDS REMAINING TO BE,DI - DESEMBOLSANDO: EL PRIMER DESEMBOLSO HA OCURRIDO Y HAY FONDOS POR DESEMBOLSAR,RM-REA - REFORMA/MODERNIZACIÓN DEL ESTADO-ADMINISTRACIÓN DE INGRESOS,INV,INV - Investment Loan,INV - Préstamo de Inversión,IFD - Institutions for Development,CAN/CCO,CAN/CCO - Country Office Colombia,CAN/CCO - Representación Colombia
EC-L1230,ACTIVE,4670/OC-EC,USD,LON,ORC,IFD,IFD/FMM,ESP,RM-FIS,SG,TEODOROZ,"ZALTSMAN, TEODORO ARIEL",CAN,EC,5,DI,Valid,4/10/2019 0:00,,4/10/2019 0:00,,10/10/2019 0:00,11/15/2043 0:00,12/31/2025 0:00,4/10/2024 0:00,11/29/2019 0:00,11/27/2019 0:00,,0,0,916548.21,23279227.48,22362679.27,20474144.04,916548.21,0,0,50000000,916548.21,PROGRAM TO ENHANCE FISCAL CAPACITY FOR PUBLIC INVESTMENT,LON-INV,EC-L1230,11/14/2018 0:00,2018,DI,PROGRAMA DE LA MEJORA DE LA CAPACIDAD FISCAL PARA LA INVERSIÓN PÚBLICA,Alert,Alerta,MINISTERIO DE ECONOMIA Y FINANZAS,MINISTERIO DE ECONOMIA Y FINANZAS,20,LON - Loan Operation,LON - Operación de Préstamo,ORC - Ordinary Capital,ORC - Ordinary Capital,IFD/FMM - Fiscal Management Division,IFD/FMM - Not defined,ESP - ESP (Specific Investment Operation),ESP - ESP (Operación de inversión específica),RM-FIS - REFORM / MODERNIZATION OF THE STATE-FISCAL POLICY FOR SUSTAINABILITY AND GROWTH,SG - Sovereign Guaranteed,SG - SG,EC - Ecuador,EC - Ecuador,DI - DISBURSING - FIRST DISBURSEMENT HAS OCCURRED AND THERE ARE FUNDS REMAINING TO BE,DI - DESEMBOLSANDO: EL PRIMER DESEMBOLSO HA OCURRIDO Y HAY FONDOS POR DESEMBOLSAR,RM-FIS - REFORMA/MODERNIZACIÓN DEL ESTADO-POLÍTICA FISCAL PARA LA SOSTENIBILIDAD Y EL CRECIMIENTO,INV,INV - Investment Loan,INV - Préstamo de Inversión,IFD - Institutions for Development,CAN/CEC,CAN/CEC - Country Office Ecuador,CAN/CEC - Representación Ecuador
EC-L1251,ACTIVE,4845/OC-EC,USD,LON,ORC,IFD,IFD/FMM,ESP,RM-PUB,SG,TEODOROZ,"ZALTSMAN, TEODORO ARIEL",CAN,EC,6,FD,Valid,11/18/2019 0:00,,11/18/2019 0:00,,5/27/2020 0:00,9/15/2044 0:00,11/18/2025 0:00,11/18/2023 0:00,5/27/2020 0:00,4/30/2021 0:00,4/17/2026 0:00,0,0,0," 6,704,346.13 ",6704346.13," 26,180,874.66 ",0,0,0," 75,000,000.00 ",0,State-Owned Enterprise Reform Support Program,LON-INV,EC-L1251,8/28/2019 0:00,2019,FD,Programa de Apoyo a la Reforma de Empresas Públicas,Satisfactory,Satisfactorio,MINISTERIO DE ECONOMIA Y FINANZAS,MINISTERIO DE ECONOMIA Y FINANZAS,24,LON - Loan Operation,LON - Operación de Préstamo,ORC - Ordinary Capital,ORC - Ordinary Capital,IFD/FMM - Fiscal Management Division,IFD/FMM - Not defined,ESP - ESP (Specific Investment Operation),ESP - ESP (Operación de inversión específica),RM-PUB - REFORM / MODERNIZATION OF THE STATE-REFORM AND PUBLIC SECTOR SUPPORT,SG - Sovereign Guaranteed,SG - SG,EC - Ecuador,EC - Ecuador,FD - FULLY DISBURSED--THE TOTAL DISBURSED AMOUNT IS EQUAL TO THE APPROVED AMOUNT AND,FD - TOTALMENTE DESEMBOLSADO: LA CANTIDAD TOTAL DESEMBOLSADA ES IGUAL A LA CANTIDAD APROBADA,RM-PUB - REFORMA/MODERNIZACIÓN DEL ESTADO-REFORMA Y APOYO AL SECTOR PUBLICO,INV,INV - Investment Loan,INV - Préstamo de Inversión,IFD - Institutions for Development,CAN/CEC,CAN/CEC - Country Office Ecuador,CAN/CEC - Representación Ecuador
EC-L1253,ACTIVE,5598/OC-EC,USD,LON,ORC,IFD,IFD/FMM,ESP,RM-REA,SG,TEODOROZ,"ZALTSMAN, TEODORO ARIEL",CAN,EC,5,DI,Valid,1/23/2023 0:00,,1/23/2023 0:00,,6/15/2023 14:18,1/15/2046 0:00,1/23/2028 0:00,1/23/2028 0:00,6/15/2023 14:18,10/30/2023 0:00,,4900230,6500000,39720830.66,49000000,9279169.34,0,39720830.66,0,74370.34,49000000,39720830.66,Program to Improve Tax and Customs Administration,LON-INV,EC-L1253,9/30/2022 0:00,2022,DI,Programa de Mejora de la Administración Tributaria y Aduanera,Alert,Alerta,SERVICIO DE RENTAS INTERNAS,SERVICIO DE RENTAS INTERNAS,0,LON - Loan Operation,LON - Operación de Préstamo,ORC - Ordinary Capital,ORC - Ordinary Capital,IFD/FMM - Fiscal Management Division,IFD/FMM - Not defined,ESP - ESP (Specific Investment Operation),ESP - ESP (Operación de inversión específica),RM-REA - REFORM / MODERNIZATION OF THE STATE-REVENUE ADMINISTRATION,SG - Sovereign Guaranteed,SG - SG,EC - Ecuador,EC - Ecuador,DI - DISBURSING - FIRST DISBURSEMENT HAS OCCURRED AND THERE ARE FUNDS REMAINING TO BE,DI - DESEMBOLSANDO: EL PRIMER DESEMBOLSO HA OCURRIDO Y HAY FONDOS POR DESEMBOLSAR,RM-REA - REFORMA/MODERNIZACIÓN DEL ESTADO-ADMINISTRACIÓN DE INGRESOS,INV,INV - Investment Loan,INV - Préstamo de Inversión,IFD - Institutions for Development,CAN/CEC,CAN/CEC - Country Office Ecuador,CAN/CEC - Representación Ecuador
EC-L1253,ACTIVE,5599/KI-EC,USD,LON,KIF,IFD,IFD/FMM,ESP,RM-REA,SG,TEODOROZ,"ZALTSMAN, TEODORO ARIEL",CAN,EC,5,DI,Valid,1/23/2023 0:00,,1/23/2023 0:00,,6/15/2023 14:17,1/15/2048 0:00,1/23/2028 0:00,1/23/2028 0:00,6/15/2023 14:17,10/30/2023 0:00,,4586450,700000,31338317.33,35000000,3661682.67,0,31338317.33,0,0,35000000,31338317.33,Program to Improve Tax and Customs Administration,LON-INV,EC-L1253,9/30/2022 0:00,2022,DI,Programa de Mejora de la Administración Tributaria y Aduanera,Alert,Alerta,SERVICIO NACIONAL DE ADUANA DEL ECUADOR,SERVICIO NACIONAL DE ADUANA DEL ECUADOR,0,LON - Loan Operation,LON - Operación de Préstamo,KIF - Korea Infrastructure Development Co-Fina,KIF - Korea Infrastructure Development Co-Fina,IFD/FMM - Fiscal Management Division,IFD/FMM - Not defined,ESP - ESP (Specific Investment Operation),ESP - ESP (Operación de inversión específica),RM-REA - REFORM / MODERNIZATION OF THE STATE-REVENUE ADMINISTRATION,SG - Sovereign Guaranteed,SG - SG,EC - Ecuador,EC - Ecuador,DI - DISBURSING - FIRST DISBURSEMENT HAS OCCURRED AND THERE ARE FUNDS REMAINING TO BE,DI - DESEMBOLSANDO: EL PRIMER DESEMBOLSO HA OCURRIDO Y HAY FONDOS POR DESEMBOLSAR,RM-REA - REFORMA/MODERNIZACIÓN DEL ESTADO-ADMINISTRACIÓN DE INGRESOS,INV,INV - Investment Loan,INV - Préstamo de Inversión,IFD - Institutions for Development,CAN/CEC,CAN/CEC - Country Office Ecuador,CAN/CEC - Representación Ecuador
ME-L1309,ACTIVE,6106/OC-ME,USD,LON,ORC,IFD,IFD/FMM,ESP,RM-FIS,SG,ANDRESMU,"MUNOZ MIRANDA, ANDRES FELIPE",CID,ME,2,AF,Valid,,,,,,12/10/2045 0:00,,,,,,0,0,500000000,500000000,0,0,500000000,0,0,500000000,500000000,Program to Strengthen the Fiscal Performance of Subnational Governments,LON-INV,ME-L1309,12/10/2025 0:00,2025,APPS,Programa de Fortalecimiento del Desempeño Fiscal de los Gobiernos Subnacionales,Satisfactory,Satisfactorio,SECRETARIA DE HACIENDA Y CREDITO PUBLICO,SECRETARIA DE HACIENDA Y CREDITO PUBLICO,,LON - Loan Operation,LON - Operación de Préstamo,ORC - Ordinary Capital,ORC - Ordinary Capital,IFD/FMM - Fiscal Management Division,IFD/FMM - Not defined,ESP - ESP (Specific Investment Operation),ESP - ESP (Operación de inversión específica),RM-FIS - REFORM / MODERNIZATION OF THE STATE-FISCAL POLICY FOR SUSTAINABILITY AND GROWTH,SG - Sovereign Guaranteed,SG - SG,ME - Mexico,ME - México,AF - APPROVED BY THE BOARD AND FUNDED BY FINANCE,AF - APROBADO POR DIRECTORIO Y FINANCIADO POR FINANZAS,RM-FIS - REFORMA/MODERNIZACIÓN DEL ESTADO-POLÍTICA FISCAL PARA LA SOSTENIBILIDAD Y EL CRECIMIENTO,INV,INV - Investment Loan,INV - Préstamo de Inversión,IFD - Institutions for Development,CID/CME,CID/CME - Country Office Mexico,CID/CME - Representación México
PE-L1231,ACTIVE,4428/OC-PE,USD,LON,ORC,IFD,IFD/FMM,ESP,RM-FIS,SG,MARTINA,"ARDANAZ, MARTIN JORGE",CAN,PE,5,DI,Valid,5/21/2018 0:00,,5/21/2018 0:00,,3/18/2019 0:00,10/15/2030 0:00,12/31/2026 0:00,5/21/2024 0:00,3/18/2019 0:00,6/3/2019 0:00,,2539640,0,3566769.87,44801097,41234327.13,20198903,3566769.87,0,468000,65000000,3566769.87,Project to Boost Efficiency in Public Investment Management and Public Procurement,LON-INV,PE-L1231,12/6/2017 0:00,2017,DI,Proyecto para la Mejora de la Eficiencia en la Gestión de la Inversión y las Contrataciones Públicas,Satisfactory,Satisfactorio,MINISTERIO DE ECONOMIA Y FINANZAS,MINISTERIO DE ECONOMIA Y FINANZAS,31,LON - Loan Operation,LON - Operación de Préstamo,ORC - Ordinary Capital,ORC - Ordinary Capital,IFD/FMM - Fiscal Management Division,IFD/FMM - Not defined,ESP - ESP (Specific Investment Operation),ESP - ESP (Operación de inversión específica),RM-FIS - REFORM / MODERNIZATION OF THE STATE-FISCAL POLICY FOR SUSTAINABILITY AND GROWTH,SG - Sovereign Guaranteed,SG - SG,PE - Peru,PE - Perú,DI - DISBURSING - FIRST DISBURSEMENT HAS OCCURRED AND THERE ARE FUNDS REMAINING TO BE,DI - DESEMBOLSANDO: EL PRIMER DESEMBOLSO HA OCURRIDO Y HAY FONDOS POR DESEMBOLSAR,RM-FIS - REFORMA/MODERNIZACIÓN DEL ESTADO-POLÍTICA FISCAL PARA LA SOSTENIBILIDAD Y EL CRECIMIENTO,INV,INV - Investment Loan,INV - Préstamo de Inversión,IFD - Institutions for Development,CAN/CPE,CAN/CPE - Country Office Peru,CAN/CPE - Representación Perú
PE-L1239,ACTIVE,4725/OC-PE,USD,LON,ORC,IFD,IFD/FMM,ESP,RM-FIS,SG,MARTINA,"ARDANAZ, MARTIN JORGE",CAN,PE,5,DI,Valid,2/15/2019 0:00,,2/15/2019 0:00,,9/10/2019 0:00,9/15/2027 0:00,12/31/2026 0:00,2/15/2024 0:00,9/10/2019 0:00,9/17/2020 0:00,,6000000,0,12559527,50000000,37440473,0,12559527,0,0,50000000,12559527,Improving Tax and Customs Revenue Collection Services Through Digital Transformation,LON-INV,PE-L1239,12/14/2018 0:00,2018,DI,Mejoramiento de los Servicios de Recaudación Tributaria y Aduanera a través de la Transformación Digital,Satisfactory,Satisfactorio,SUPERINTENDENCIA NACIONAL ADMINISTRACIONTRIBUTARIA ,SUPERINTENDENCIA NACIONAL ADMINISTRACIONTRIBUTARIA ,34,LON - Loan Operation,LON - Operación de Préstamo,ORC - Ordinary Capital,ORC - Ordinary Capital,IFD/FMM - Fiscal Management Division,IFD/FMM - Not defined,ESP - ESP (Specific Investment Operation),ESP - ESP (Operación de inversión específica),RM-FIS - REFORM / MODERNIZATION OF THE STATE-FISCAL POLICY FOR SUSTAINABILITY AND GROWTH,SG - Sovereign Guaranteed,SG - SG,PE - Peru,PE - Perú,DI - DISBURSING - FIRST DISBURSEMENT HAS OCCURRED AND THERE ARE FUNDS REMAINING TO BE,DI - DESEMBOLSANDO: EL PRIMER DESEMBOLSO HA OCURRIDO Y HAY FONDOS POR DESEMBOLSAR,RM-FIS - REFORMA/MODERNIZACIÓN DEL ESTADO-POLÍTICA FISCAL PARA LA SOSTENIBILIDAD Y EL CRECIMIENTO,INV,INV - Investment Loan,INV - Préstamo de Inversión,IFD - Institutions for Development,CAN/CPE,CAN/CPE - Country Office Peru,CAN/CPE - Representación Perú
PE-L1266,ACTIVE,5301/OC-PE,USD,LON,ORC,IFD,IFD/FMM,ESP,RM-FIN,SG,MARTINA,"ARDANAZ, MARTIN JORGE",CAN,PE,5,DI,Valid,7/26/2021 0:00,,7/26/2021 0:00,,1/22/2022 13:56,7/15/2038 0:00,7/26/2027 0:00,7/26/2027 0:00,1/22/2022 13:56,9/28/2022 0:00,,6500000,15000000,60305353,74000000,13694647,0,60305353,0,1500000,74000000,60305353,Project to Improve the Financial Administration of the Public Sector through Digital Transformation.,LON-INV,PE-L1266,7/14/2021 0:00,2021,DI,Proyecto de Mejoramiento de la Administración Financiera del Sector Público a través de la Transformación Digital.,Satisfactory,Satisfactorio,MINISTERIO DE ECONOMIA Y FINANZAS,MINISTERIO DE ECONOMIA Y FINANZAS,0,LON - Loan Operation,LON - Operación de Préstamo,ORC - Ordinary Capital,ORC - Ordinary Capital,IFD/FMM - Fiscal Management Division,IFD/FMM - Not defined,ESP - ESP (Specific Investment Operation),ESP - ESP (Operación de inversión específica),RM-FIN - REFORM / MODERNIZATION OF THE STATE-PUBLIC EXPENDITURE MANAGEMENT,SG - Sovereign Guaranteed,SG - SG,PE - Peru,PE - Perú,DI - DISBURSING - FIRST DISBURSEMENT HAS OCCURRED AND THERE ARE FUNDS REMAINING TO BE,DI - DESEMBOLSANDO: EL PRIMER DESEMBOLSO HA OCURRIDO Y HAY FONDOS POR DESEMBOLSAR,RM-FIN - REFORMA/MODERNIZACIÓN DEL ESTADO-GESTIÓN DEL GASTO PÚBLICO,INV,INV - Investment Loan,INV - Préstamo de Inversión,IFD - Institutions for Development,CAN/CPE,CAN/CPE - Country Office Peru,CAN/CPE - Representación Perú
PE-L1278,ACTIVE,5869/OC-PE,USD,LON,ORC,IFD,IFD/FMM,ESP,RM-DES,SG,MARTINA,"ARDANAZ, MARTIN JORGE",CAN,PE,4,EL,Valid,12/12/2025 0:00,,12/12/2025 0:00,,3/26/2026 16:50,8/15/2040 0:00,12/12/2031 0:00,12/12/2031 0:00,3/26/2026 16:50,,,700000,6860000,35000000,35000000,0,0,35000000,0,0,35000000,35000000,Improvement of Subnational Public Finance Management for Fiscal Sustainability,LON-INV,PE-L1278,4/10/2024 0:00,2024,DI,Mejoramiento de la Gestión de las Finanzas Públicas Subnacionales para la Sostenibilidad Fiscal,Satisfactory,Satisfactorio,MINISTERIO DE ECONOMIA Y FINANZAS,MINISTERIO DE ECONOMIA Y FINANZAS,0,LON - Loan Operation,LON - Operación de Préstamo,ORC - Ordinary Capital,ORC - Ordinary Capital,IFD/FMM - Fiscal Management Division,IFD/FMM - Not defined,ESP - ESP (Specific Investment Operation),ESP - ESP (Operación de inversión específica),RM-DES - REFORM / MODERNIZATION OF THE STATE-DECENTRALIZATION & INTERGOVERNMENTAL RELATIONS,SG - Sovereign Guaranteed,SG - SG,PE - Peru,PE - Perú,EL - ELIGIBLE FOR DISBURSEMENT--AT LEAST ONE COI IS ELIGIBLE.,EL - ELEGIBLE PARA EL DESEMBOLSO: AL MENOS UNA COI ES ELEGIBLE.,RM-DES - REFORMA/MODERNIZACIÓN DEL ESTADO-DESCENTRALIZACIÓN Y RELACIONES INTERGUBERNAMENTALES,INV,INV - Investment Loan,INV - Préstamo de Inversión,IFD - Institutions for Development,CAN/CPE,CAN/CPE - Country Office Peru,CAN/CPE - Representación Perú
PE-L1288,ACTIVE,5893/OC-PE,USD,LON,ORC,IFD,IFD/FMM,DDP,RM-FIS,SG,MARTINA,"ARDANAZ, MARTIN JORGE",CAN,PE,3,EF,Valid,8/27/2024 0:00,,8/27/2024 0:00,,,8/15/2044 0:00,8/27/2027 0:00,8/27/2027 0:00,,,,0,0,600000000,600000000,0,0,600000000,0,0,600000000,600000000,Program to Support Fiscal and Economic Recovery in Peru II,LON-PBL,PE-L1288,6/26/2024 0:00,2024,EFPE,Programa de Apoyo a la Recuperación Fiscal y Económica de Perú II,,,MINISTERIO DE ECONOMIA Y FINANZAS,MINISTERIO DE ECONOMIA Y FINANZAS,0,LON - Loan Operation,LON - Operación de Préstamo,ORC - Ordinary Capital,ORC - Ordinary Capital,IFD/FMM - Fiscal Management Division,IFD/FMM - Not defined,DDP - DDP (Deferred Drawdown Option PBP),DDP - DDP (Deferred Drawdown Option PBP),RM-FIS - REFORM / MODERNIZATION OF THE STATE-FISCAL POLICY FOR SUSTAINABILITY AND GROWTH,SG - Sovereign Guaranteed,SG - SG,PE - Peru,PE - Perú,EF - EFFECTIVE--EITHER THE CONTRACT IS SIGNED AND NO RATIFICATION IS REQUIRED OR THE,EF - EFECTIVO:SE HA FIRMADO EL CONTRATO Y NO SE REQUIERE RATIFICACIÓN O YA ESTA RATIFICADO,RM-FIS - REFORMA/MODERNIZACIÓN DEL ESTADO-POLÍTICA FISCAL PARA LA SOSTENIBILIDAD Y EL CRECIMIENTO,PBL,PBL - Policy-Based Loan,PBL - Préstamo de Apoyo a Reformas de Política,IFD - Institutions for Development,CAN/CPE,CAN/CPE - Country Office Peru,CAN/CPE - Representación Perú
PN-L1161,ACTIVE,5126/OC-PN,USD,LON,ORC,IFD,IFD/FMM,ESP,RM-FIS,SG,UBALDOG,"GONZALEZ DE FRUTOS, UBALDO JESUS",CID,PN,5,DI,Valid,12/12/2020 0:00,12/12/2020 0:00,11/25/2020 0:00,,6/15/2021 10:53,10/15/2035 0:00,12/12/2027 0:00,12/12/2025 0:00,6/15/2021 10:53,7/28/2022 0:00,,5000000,0,29000000,40000000,11000000,0,29000000,0,0,40000000,29000000,Program to Support the Digital Transformation of the Tax Administration in Panama.,LON-INV,PN-L1161,9/30/2020 0:00,2020,DI,Programa de Apoyo a la Transformacion Digital de la Administración Tributaria en Panamá,Alert,Alerta,MINISTERIO DE ECONOMIA Y FINANZAS,MINISTERIO DE ECONOMIA Y FINANZAS,24,LON - Loan Operation,LON - Operación de Préstamo,ORC - Ordinary Capital,ORC - Ordinary Capital,IFD/FMM - Fiscal Management Division,IFD/FMM - Not defined,ESP - ESP (Specific Investment Operation),ESP - ESP (Operación de inversión específica),RM-FIS - REFORM / MODERNIZATION OF THE STATE-FISCAL POLICY FOR SUSTAINABILITY AND GROWTH,SG - Sovereign Guaranteed,SG - SG,PN - Panama,PN - Panamá,DI - DISBURSING - FIRST DISBURSEMENT HAS OCCURRED AND THERE ARE FUNDS REMAINING TO BE,DI - DESEMBOLSANDO: EL PRIMER DESEMBOLSO HA OCURRIDO Y HAY FONDOS POR DESEMBOLSAR,RM-FIS - REFORMA/MODERNIZACIÓN DEL ESTADO-POLÍTICA FISCAL PARA LA SOSTENIBILIDAD Y EL CRECIMIENTO,INV,INV - Investment Loan,INV - Préstamo de Inversión,IFD - Institutions for Development,CID/CPN,CID/CPN - Country Office Panama,CID/CPN - Representación Panamá
PN-L1172,ACTIVE,5533/OC-PN,USD,LON,ORC,IFD,IFD/FMM,ESP,RM-FIS,SG,UBALDOG,"GONZALEZ DE FRUTOS, UBALDO JESUS",CID,PN,5,DI,Valid,8/19/2022 0:00,8/19/2022 0:00,7/11/2022 0:00,,1/20/2023 16:47,6/15/2037 0:00,8/19/2026 0:00,8/19/2026 0:00,1/20/2023 16:47,3/14/2024 0:00,,1335000,0,17975705.78,20000000,2024294.22,0,17975705.78,0,0,20000000,17975705.78,Fiscal Intelligence Program to Improve Spending Quality in Panama,LON-INV,PN-L1172,5/18/2022 0:00,2022,DI,Programa de Inteligencia Fiscal para Aumentar la Calidad del Gasto en Panamá,Problem,Problema,MINISTERIO DE ECONOMIA Y FINANZAS,MINISTERIO DE ECONOMIA Y FINANZAS,0,LON - Loan Operation,LON - Operación de Préstamo,ORC - Ordinary Capital,ORC - Ordinary Capital,IFD/FMM - Fiscal Management Division,IFD/FMM - Not defined,ESP - ESP (Specific Investment Operation),ESP - ESP (Operación de inversión específica),RM-FIS - REFORM / MODERNIZATION OF THE STATE-FISCAL POLICY FOR SUSTAINABILITY AND GROWTH,SG - Sovereign Guaranteed,SG - SG,PN - Panama,PN - Panamá,DI - DISBURSING - FIRST DISBURSEMENT HAS OCCURRED AND THERE ARE FUNDS REMAINING TO BE,DI - DESEMBOLSANDO: EL PRIMER DESEMBOLSO HA OCURRIDO Y HAY FONDOS POR DESEMBOLSAR,RM-FIS - REFORMA/MODERNIZACIÓN DEL ESTADO-POLÍTICA FISCAL PARA LA SOSTENIBILIDAD Y EL CRECIMIENTO,INV,INV - Investment Loan,INV - Préstamo de Inversión,IFD - Institutions for Development,CID/CPN,CID/CPN - Country Office Panama,CID/CPN - Representación Panamá
PR-L1150,ACTIVE,4671/OC-PR,USD,LON,ORC,IFD,IFD/FMM,ESP,RM-FIS,SG,OLORAROCHA,"LORA ROCHA, OSCAR",CSC,PR,5,DI,Valid,1/19/2021 0:00,1/19/2021 0:00,4/5/2019 0:00,,4/26/2021 19:56,3/15/2042 0:00,1/19/2028 0:00,1/19/2027 0:00,4/26/2021 19:56,8/17/2021 0:00,,3300000,6447000,9746666.41,25000000,15253333.59,0,9746666.41,0,0,25000000,9746666.41,Investments in Public Finances for Sustainable Development,LON-INV,PR-L1150,11/14/2018 0:00,2018,DI,Inversiones en Finanzas Públicas para el Desarrollo Sostenible,Satisfactory,Satisfactorio,MINISTERIO DE ECONOMIA Y FINANZAS,MINISTERIO DE ECONOMIA Y FINANZAS,12,LON - Loan Operation,LON - Operación de Préstamo,ORC - Ordinary Capital,ORC - Ordinary Capital,IFD/FMM - Fiscal Management Division,IFD/FMM - Not defined,ESP - ESP (Specific Investment Operation),ESP - ESP (Operación de inversión específica),RM-FIS - REFORM / MODERNIZATION OF THE STATE-FISCAL POLICY FOR SUSTAINABILITY AND GROWTH,SG - Sovereign Guaranteed,SG - SG,PR - Paraguay,PR - Paraguay,DI - DISBURSING - FIRST DISBURSEMENT HAS OCCURRED AND THERE ARE FUNDS REMAINING TO BE,DI - DESEMBOLSANDO: EL PRIMER DESEMBOLSO HA OCURRIDO Y HAY FONDOS POR DESEMBOLSAR,RM-FIS - REFORMA/MODERNIZACIÓN DEL ESTADO-POLÍTICA FISCAL PARA LA SOSTENIBILIDAD Y EL CRECIMIENTO,INV,INV - Investment Loan,INV - Préstamo de Inversión,IFD - Institutions for Development,CSC/CPR,CSC/CPR - Country Office Paraguay,CSC/CPR - Representación Paraguay
PR-L1192,ACTIVE,5940/OC-PR,USD,LON,ORC,IFD,IFD/FMM,ESP,RM-REA,SG,OLORAROCHA,"LORA ROCHA, OSCAR",CSC,PR,5,DI,Valid,7/16/2025 0:00,7/16/2025 0:00,1/30/2025 0:00,,11/26/2025 13:28,5/15/2048 0:00,7/16/2031 0:00,7/16/2031 0:00,11/26/2025 13:28,12/8/2025 0:00,,1567000,7000000,29438616,30000000,561384,0,29438616,0,0,30000000,29438616,Program for Consolidation of the National Income Tax Office (DNIT),LON-INV,PR-L1192,11/1/2024 0:00,2024,DI,Programa de Consolidación de la Dirección Nacional de Ingresos Tributarios (DNIT),SATISFACTORY,SATISFACTORY,DIRECCION NACIONAL DE INGRESOS TRIBUTARIOS ,DIRECCION NACIONAL DE INGRESOS TRIBUTARIOS ,0,LON - Loan Operation,LON - Operación de Préstamo,ORC - Ordinary Capital,ORC - Ordinary Capital,IFD/FMM - Fiscal Management Division,IFD/FMM - Not defined,ESP - ESP (Specific Investment Operation),ESP - ESP (Operación de inversión específica),RM-REA - REFORM / MODERNIZATION OF THE STATE-REVENUE ADMINISTRATION,SG - Sovereign Guaranteed,SG - SG,PR - Paraguay,PR - Paraguay,DI - DISBURSING - FIRST DISBURSEMENT HAS OCCURRED AND THERE ARE FUNDS REMAINING TO BE,DI - DESEMBOLSANDO: EL PRIMER DESEMBOLSO HA OCURRIDO Y HAY FONDOS POR DESEMBOLSAR,RM-REA - REFORMA/MODERNIZACIÓN DEL ESTADO-ADMINISTRACIÓN DE INGRESOS,INV,INV - Investment Loan,INV - Préstamo de Inversión,IFD - Institutions for Development,CSC/CPR,CSC/CPR - Country Office Paraguay,CSC/CPR - Representación Paraguay
SU-L1060,ACTIVE,5727/OC-SU,USD,LON,ORC,IFD,IFD/FMM,ESP,RM-FIS,SG,GERARDOR,"REYES-TAGLE, GERARDO",CCB,SU,5,DI,Valid,3/10/2023 0:00,,3/10/2023 0:00,,9/8/2023 14:47,2/15/2048 0:00,3/10/2028 0:00,3/10/2028 0:00,9/8/2023 14:47,12/4/2023 0:00,,4000000,25940000,43706598,50000000,6293402,0,43706598,0,0,50000000,43706598,Fiscal Support Program to Regain Growth,LON-INV,SU-L1060,12/14/2022 0:00,2022,DI,Programa de Apoyo Fiscal para Reactivar el Crecimiento,Satisfactory,Satisfactorio,MINISTRY OF FINANCE AND PLANNING,MINISTRY OF FINANCE AND PLANNING,0,LON - Loan Operation,LON - Operación de Préstamo,ORC - Ordinary Capital,ORC - Ordinary Capital,IFD/FMM - Fiscal Management Division,IFD/FMM - Not defined,ESP - ESP (Specific Investment Operation),ESP - ESP (Operación de inversión específica),RM-FIS - REFORM / MODERNIZATION OF THE STATE-FISCAL POLICY FOR SUSTAINABILITY AND GROWTH,SG - Sovereign Guaranteed,SG - SG,SU - Suriname,SU - Suriname,DI - DISBURSING - FIRST DISBURSEMENT HAS OCCURRED AND THERE ARE FUNDS REMAINING TO BE,DI - DESEMBOLSANDO: EL PRIMER DESEMBOLSO HA OCURRIDO Y HAY FONDOS POR DESEMBOLSAR,RM-FIS - REFORMA/MODERNIZACIÓN DEL ESTADO-POLÍTICA FISCAL PARA LA SOSTENIBILIDAD Y EL CRECIMIENTO,INV,INV - Investment Loan,INV - Préstamo de Inversión,IFD - Institutions for Development,CCB/CSU,CCB/CSU - Country Office Suriname,CCB/CSU - Representación Suriname
UR-L1111,ACTIVE,3792/OC-UR,USD,LON,ORC,IFD,IFD/FMM,ESP,RM-DES,SG,SERGIOCI,"CIAVOLIH MOTA, SERGIO RICARDO",CSC,UR,6,FD,Valid,7/6/2017 0:00,,7/6/2017 0:00,,11/10/2017 0:00,2/15/2042 0:00,1/6/2026 0:00,7/6/2022 0:00,11/10/2017 0:00,1/8/2018 0:00,7/28/2025 0:00,0,0,0,74000000,74000000,1000000,0,0,0,75000000,0,Program for Development and Strengthening of Fiscal and Subnational Service Management,LON-INV,UR-L1111,11/9/2016 0:00,2016,FD,Programa de Desarrollo y Fortalecimiento de la Gestión Fiscal y de Servicios Subnacionales,Satisfactory,Satisfactorio,OFICINA DE PLANEAMIENTO Y PRESUPUESTO,OFICINA DE PLANEAMIENTO Y PRESUPUESTO,42,LON - Loan Operation,LON - Operación de Préstamo,ORC - Ordinary Capital,ORC - Ordinary Capital,IFD/FMM - Fiscal Management Division,IFD/FMM - Not defined,ESP - ESP (Specific Investment Operation),ESP - ESP (Operación de inversión específica),RM-DES - REFORM / MODERNIZATION OF THE STATE-DECENTRALIZATION & INTERGOVERNMENTAL RELATIONS,SG - Sovereign Guaranteed,SG - SG,UR - Uruguay,UR - Uruguay,FD - FULLY DISBURSED--THE TOTAL DISBURSED AMOUNT IS EQUAL TO THE APPROVED AMOUNT AND,FD - TOTALMENTE DESEMBOLSADO: LA CANTIDAD TOTAL DESEMBOLSADA ES IGUAL A LA CANTIDAD APROBADA,RM-DES - REFORMA/MODERNIZACIÓN DEL ESTADO-DESCENTRALIZACIÓN Y RELACIONES INTERGUBERNAMENTALES,INV,INV - Investment Loan,INV - Préstamo de Inversión,IFD - Institutions for Development,CSC/CUR,CSC/CUR - Country Office Uruguay,CSC/CUR - Representación Uruguay
UR-L1164,ACTIVE,5668/OC-UR,USD,LON,ORC,IFD,IFD/FMM,ESP,RM-SUB,SG,SERGIOCI,"CIAVOLIH MOTA, SERGIO RICARDO",CSC,UR,5,DI,Valid,5/31/2023 0:00,,5/31/2023 0:00,,12/1/2023 7:49,8/15/2047 0:00,5/31/2028 0:00,5/31/2028 0:00,12/1/2023 7:49,3/15/2024 0:00,,9000000,20000000,84000000,90000000,6000000,0,84000000,0,0,90000000,84000000,Program to Develop and Strengthen Fiscal and Subnational Services Management,LON-INV,UR-L1164,11/23/2022 0:00,2022,DI,Programa de Desarrollo y Fortalecimiento de la Gestión Fiscal y de Servicios Subnacionales,Problem,Problema,OFICINA DE PLANEAMIENTO Y PRESUPUESTO,OFICINA DE PLANEAMIENTO Y PRESUPUESTO,0,LON - Loan Operation,LON - Operación de Préstamo,ORC - Ordinary Capital,ORC - Ordinary Capital,IFD/FMM - Fiscal Management Division,IFD/FMM - Not defined,ESP - ESP (Specific Investment Operation),ESP - ESP (Operación de inversión específica),RM-SUB - REFORM / MODERNIZATION OF THE STATE-SUBNATIONAL AND LOCAL GOVERNMENTS,SG - Sovereign Guaranteed,SG - SG,UR - Uruguay,UR - Uruguay,DI - DISBURSING - FIRST DISBURSEMENT HAS OCCURRED AND THERE ARE FUNDS REMAINING TO BE,DI - DESEMBOLSANDO: EL PRIMER DESEMBOLSO HA OCURRIDO Y HAY FONDOS POR DESEMBOLSAR,RM-SUB - REFORMA/MODERNIZACIÓN DEL ESTADO-GOBIERNOS SUBNACIONALES Y LOCALES,INV,INV - Investment Loan,INV - Préstamo de Inversión,IFD - Institutions for Development,CSC/CUR,CSC/CUR - Country Office Uruguay,CSC/CUR - Representación Uruguay
UR-L1193,ACTIVE,5783/OC-UR,USD,LON,ORC,IFD,IFD/FMM,ESP,RM-FIS,SG,SERGIOCI,"CIAVOLIH MOTA, SERGIO RICARDO",CSC,UR,5,DI,Valid,11/27/2023 0:00,,11/27/2023 0:00,,2/5/2024 16:16,2/15/2048 0:00,11/27/2028 0:00,11/27/2028 0:00,2/5/2024 16:16,3/14/2024 0:00,,2700000,6300000,14672195.92,20000000,5327804.08,0,14672195.92,0,0,20000000,14672195.92,Fiscal Management Digital Transformation Program,LON-INV,UR-L1193,9/8/2023 0:00,2023,DI,Programa de Transformación Digital de la Gestión Fiscal,Satisfactory,Satisfactorio,MINISTERIO DE ECONOMIA Y FINANZAS,MINISTERIO DE ECONOMIA Y FINANZAS,0,LON - Loan Operation,LON - Operación de Préstamo,ORC - Ordinary Capital,ORC - Ordinary Capital,IFD/FMM - Fiscal Management Division,IFD/FMM - Not defined,ESP - ESP (Specific Investment Operation),ESP - ESP (Operación de inversión específica),RM-FIS - REFORM / MODERNIZATION OF THE STATE-FISCAL POLICY FOR SUSTAINABILITY AND GROWTH,SG - Sovereign Guaranteed,SG - SG,UR - Uruguay,UR - Uruguay,DI - DISBURSING - FIRST DISBURSEMENT HAS OCCURRED AND THERE ARE FUNDS REMAINING TO BE,DI - DESEMBOLSANDO: EL PRIMER DESEMBOLSO HA OCURRIDO Y HAY FONDOS POR DESEMBOLSAR,RM-FIS - REFORMA/MODERNIZACIÓN DEL ESTADO-POLÍTICA FISCAL PARA LA SOSTENIBILIDAD Y EL CRECIMIENTO,INV,INV - Investment Loan,INV - Préstamo de Inversión,IFD - Institutions for Development,CSC/CUR,CSC/CUR - Country Office Uruguay,CSC/CUR - Representación Uruguay
UR-L1205,ACTIVE,6081/OC-UR,USD,LON,ORC,IFD,IFD/FMM,ESP,RM,SG,SERGIOCI,"CIAVOLIH MOTA, SERGIO RICARDO",CSC,UR,2,AF,Valid,,,,,,11/19/2050 0:00,,,,,,0,0,20000000,20000000,0,0,20000000,0,0,20000000,20000000,Program for Institutional and Operational Strengthening of Fiscal Management in Uruguay,LON-INV,UR-L1205,11/19/2025 0:00,2025,APPS,Programa de Fortalecimiento Institucional y Operativo de la Gestion Fiscal en Uruguay,Satisfactory,Satisfactorio,MINISTERIO DE ECONOMIA Y FINANZAS,MINISTERIO DE ECONOMIA Y FINANZAS,,LON - Loan Operation,LON - Operación de Préstamo,ORC - Ordinary Capital,ORC - Ordinary Capital,IFD/FMM - Fiscal Management Division,IFD/FMM - Not defined,ESP - ESP (Specific Investment Operation),ESP - ESP (Operación de inversión específica),RM - REFORM / MODERNIZATION OF THE STATE,SG - Sovereign Guaranteed,SG - SG,UR - Uruguay,UR - Uruguay,AF - APPROVED BY THE BOARD AND FUNDED BY FINANCE,AF - APROBADO POR DIRECTORIO Y FINANCIADO POR FINANZAS,RM - REFORMA/MODERNIZACIÓN DEL ESTADO,INV,INV - Investment Loan,INV - Préstamo de Inversión,IFD - Institutions for Development,CSC/CUR,CSC/CUR - Country Office Uruguay,CSC/CUR - Representación Uruguay
